name,website,location,region,employee_size,industries,keywords
Mastercard Payment Gateway Services,,"London, United Kingdom",UK,54,Information Technology & Services,pci dss compliance
Easy Payment Gateway,http://www.easypaymentgateway.com/,"Mijas, Spain",Europe,19,Financial Services,
Payment Gateway,http://www.paygatewayonline.com/,"London, United Kingdom",UK,47,Financial Services,epos finance
BazPAY - Payment Gateway,http://www.bazpay.com/,"London, United Kingdom",UK,3,Financial Services,charity; blockchain
B2B Payment Gateway,http://www.processingb2b.com/,"Boston, Massachusetts",Americas,1,Financial Services,
Payment Gateway,,"Berlin, Germany",Europe,17,Capital Markets,
WBD Client's Payment Gateway,,"Mount Vernon, New York",Americas,34,Financial Services,paypal payment system
Flash • The Bitcoin Payment Gateway,http://www.paywithflash.com/,"Newark, Delaware",Americas,3,Financial Services,bitcoin payments
Onchainpay.io - powerfull cryptocurrency payment gateway.,http://www.onchainpay.io/,"Vilnius, Lithuania",Europe,3,Financial Services,crypto
Woocommerce Payment Gateway Plugins,,"Fremont, California",Americas,500,Information Technology & Services,
Merchant eCheck Payment Gateway,http://www.1stprocess.com/,"Las Vegas, Nevada",Americas,50,Financial Services,architectural solutions
Cpos Payment Gateway,http://www.cpos.cloud/,"Dover, Delaware",Americas,3,Information Technology & Services,iot; cryptocurrency
"Cashila, Bitcoin Payment Gateway",http://www.cashila.com/,"Brno, Czechia",Europe,2,Financial Services,payment systems
White Label Payment Gateway,,"Vilnius, Lithuania",Europe,3,Financial Services,
"Tenerum Payment Gateway, LLC",http://www.tenerum.com/,"Saint Petersburg, Florida",Americas,15,Management Consulting,
Nimera — Crypto Payment Gateway,http://www.nimera.io/,"Warszawa, Poland",Europe,2,Financial Services,lightning network
Forex Merchant Account. Payment Service Provider. Online Payment Gateway. IAGACO,,"Limassol, Cyprus",Europe,5,Financial Services,psp
T.E Payment Gateway,http://www.tepgateway.com/,"Seal Beach, California",Americas,1,Banking,crypto currency
Zapp Payment Gateway,,"Tempe, Arizona",Americas,3,Financial Services,
StripePros - Payment Gateway Integration Services,http://www.stripepros.com/,"Santa Clara, California",Americas,1,+2,stripe developer
PAYMENT GATEWAY SOLUTIONS LIMITED,,"England, United Kingdom",UK,2,Information Technology & Services,
"B1 payment gateway, Malta",http://www.b1gate.com/,"Montana, US",Americas,1,Banking,easy payment solutions
KDS CardPay- Payment Gateway for Tech Support,http://www.kdscardpay.com/,"Ontario, California",Americas,200,Financial Services,payment through master
Pay | Omni-Channel | eCommerce | Payment Gateway | Data Security | Analytics | ERP & CRM Integration,,"Detroit, Michigan",Americas,2,Financial Services,
FastCharge Payment Gateway,http://www.fastcharge.com/,"Spokane, Washington",Americas,,,
Mastercard Payment Gateway Services,,"London, United Kingdom",UK,54,Information Technology & Services,pci dss compliance
Easy Payment Gateway,http://www.easypaymentgateway.com/,"Mijas, Spain",Europe,19,Financial Services,
Payment Gateway,http://www.paygatewayonline.com/,"London, United Kingdom",UK,47,Financial Services,epos finance
BazPAY - Payment Gateway,http://www.bazpay.com/,"London, United Kingdom",UK,3,Financial Services,charity; blockchain
B2B Payment Gateway,http://www.processingb2b.com/,"Boston, Massachusetts",Americas,1,Financial Services,
Payment Gateway,,"Berlin, Germany",Europe,17,Capital Markets,
WBD Client's Payment Gateway,,"Mount Vernon, New York",Americas,34,Financial Services,paypal payment system
Flash • The Bitcoin Payment Gateway,http://www.paywithflash.com/,"Newark, Delaware",Americas,3,Financial Services,bitcoin payments
Onchainpay.io - powerfull cryptocurrency payment gateway.,http://www.onchainpay.io/,"Vilnius, Lithuania",Europe,3,Financial Services,crypto
Woocommerce Payment Gateway Plugins,,"Fremont, California",Americas,500,Information Technology & Services,
Merchant eCheck Payment Gateway,http://www.1stprocess.com/,"Las Vegas, Nevada",Americas,50,Financial Services,architectural solutions
Cpos Payment Gateway,http://www.cpos.cloud/,"Dover, Delaware",Americas,3,Information Technology & Services,iot; cryptocurrency
"Cashila, Bitcoin Payment Gateway",http://www.cashila.com/,"Brno, Czechia",Europe,2,Financial Services,payment systems
White Label Payment Gateway,,"Vilnius, Lithuania",Europe,3,Financial Services,
"Tenerum Payment Gateway, LLC",http://www.tenerum.com/,"Saint Petersburg, Florida",Americas,15,Management Consulting,
Nimera — Crypto Payment Gateway,http://www.nimera.io/,"Warszawa, Poland",Europe,2,Financial Services,lightning network
Forex Merchant Account. Payment Service Provider. Online Payment Gateway. IAGACO,,"Limassol, Cyprus",Europe,5,Financial Services,psp
T.E Payment Gateway,http://www.tepgateway.com/,"Seal Beach, California",Americas,1,Banking,crypto currency
Zapp Payment Gateway,,"Tempe, Arizona",Americas,3,Financial Services,
StripePros - Payment Gateway Integration Services,http://www.stripepros.com/,"Santa Clara, California",Americas,1,+2,stripe developer
PAYMENT GATEWAY SOLUTIONS LIMITED,,"England, United Kingdom",UK,2,Information Technology & Services,
"B1 payment gateway, Malta",http://www.b1gate.com/,"Montana, US",Americas,1,Banking,easy payment solutions
KDS CardPay- Payment Gateway for Tech Support,http://www.kdscardpay.com/,"Ontario, California",Americas,200,Financial Services,payment through master
Pay | Omni-Channel | eCommerce | Payment Gateway | Data Security | Analytics | ERP & CRM Integration,,"Detroit, Michigan",Americas,2,Financial Services,
FastCharge Payment Gateway,http://www.fastcharge.com/,"Spokane, Washington",Americas,,,
